Loan Identifier|Loan Correction Indicator|Prefix|Security Identifier|CUSIP|Mortgage Loan Amount|Issuance Investor Loan UPB|Current Investor Loan UPB|Amortization Type|Original Interest Rate|Issuance Interest Rate|Current Interest Rate|Issuance Net Interest Rate|Current Net Interest Rate|First Payment Date|Maturity Date|Loan Term|Remaining Months to Maturity|Loan Age|Loan-To-Value (LTV)|Combined Loan-To-Value (CLTV)|Debt-To-Income (DTI)|Classic FICO|Filler|VS4|Filler|Number of Borrowers|First Time Home Buyer Indicator|Loan Purpose|Occupancy Status|Number of Units|Property Type|Channel|Property State|Seller Name|Servicer Name|Mortgage Insurance Percent|Mortgage Insurance Cancellation Indicator|Government Insured Guarantee|Assumability Indicator|Interest Only Loan Indicator|Interest Only First Principal and Interest Payment Date|Months to Amortization|Prepayment Penalty Indicator|Prepayment Penalty Total Term|Index|Mortgage Margin|MBS PC Margin|Interest Rate Adjustment Frequency|Interest Rate Lookback|Interest Rate Rounding Method|Interest Rate Rounding Method Percent|Convertibility Indicator|Initial Fixed Rate Period|Next Interest Rate Adjustment Date|Months to Next Interest Rate Adjustment Date|Life Ceiling Interest Rate|Life Ceiling Net Interest Rate|Life Floor Interest Rate|Life Floor Net Interest Rate|Initial Interest Rate Cap Up Percent|Initial Interest Rate Cap Down Percent|Periodic Interest Rate Cap Up Percent|Periodic Interest Rate Cap Down Percent|Modification Program|Modification Type|Number of Modifications|Total Capitalized Amount|Interest Bearing Mortgage Loan Amount|Original Deferred Amount|Current Deferred UPB|Loan Age As Of Modification|Estimated Loan-To-Value (ELTV)|Updated Classic FICO|Filler|Interest Rate Step Indicator|Initial Step Fixed-Rate Period|Total Number of Steps|Number of Remaining Steps|Next Step Rate|Terminal Step Rate|Terminal Step Date|Step Rate Adjustment Frequency|Next Step Rate Adjustment Date|Months to Next Step Rate Adjustment Date|Periodic Step Cap Up Percent|Origination Mortgage Loan Amount|Origination Interest Rate|Origination Amortization Type|Origination Interest Only Loan Indicator|Origination First Payment Date|Origination Maturity Date|Origination Loan Term|Origination Loan-To-Value (LTV)|Origination Combined Loan-To-Value (CLTV)|Origination Debt-To-Income Ratio|Origination Classic FICO|Filler|Origination VS4|Updated VS4|Origination Loan Purpose|Origination Occupancy Status|Origination Channel|Days Delinquent|Loan Performance History|Loan Participation Percent|Property Valuation Method|Alternative Delinquency Resolution|Number of Alternative Delinquency Resolutions|Total Deferral Amount|Borrower Assistance Plan|Seller City|Seller State|Servicer City|Servicer State|Special Eligibility Program
9846208483|N|CI|QO6351|3133WRBU4|241000.00|240000.00|240000.00|FRM|5.990|5.990|5.990|5.000|5.000|102026|092041|180|179|1|51|51|20|745||9999||1|Y|P|P|1|CO|C|IL|CITIMORTGAGE, INC.|CITIMORTGAGE, INC.|000|7||N|N|||N||||||||||||||||||||||||||||||||||||||||||||||||||||||||||||||100.00|W|||||O FALLON|MO|O FALLON|MO|7
9846208484|N|CI|QO6351|3133WRBU4|156000.00|156000.00|156000.00|FRM|5.875|5.875|5.875|5.000|5.000|102026|092041|180|179|1|25|25|10|735||9999||2|N|N|P|1|SF|C|MO|CITIMORTGAGE, INC.|CITIMORTGAGE, INC.|000|7||N|N|||N||||||||||||||||||||||||||||||||||||||||||||||||||||||||||||||100.00|A|||||O FALLON|MO|O FALLON|MO|7
9846208485|N|CI|QO6351|3133WRBU4|250000.00|249000.00|249000.00|FRM|5.750|5.750|5.750|5.000|5.000|102026|092041|180|179|1|62|62|21|764||9999||2|N|P|P|1|PU|C|MO|CITIMORTGAGE, INC.|CITIMORTGAGE, INC.|000|7||N|N|||N||||||||||||||||||||||||||||||||||||||||||||||||||||||||||||||100.00|W|||||O FALLON|MO|O FALLON|MO|7
9846208486|N|CI|QO6351|3133WRBU4|112000.00|111000.00|111000.00|FRM|5.875|5.875|5.875|5.000|5.000|102026|092041|180|179|1|48|48|21|803||9999||1|N|P|P|1|SF|C|WY|CITIMORTGAGE, INC.|CITIMORTGAGE, INC.|000|7||N|N|||N||||||||||||||||||||||||||||||||||||||||||||||||||||||||||||||100.00|A|||||O FALLON|MO|O FALLON|MO|7
9846208487|N|CI|QO6351|3133WRBU4|200000.00|199000.00|199000.00|FRM|5.750|5.750|5.750|5.000|5.000|092026|082041|180|178|2|28|28|39|770||9999||1|Y|P|P|1|PU|C|VA|CITIMORTGAGE, INC.|CITIMORTGAGE, INC.|000|7||N|N|||N||||||||||||||||||||||||||||||||||||||||||||||||||||||||||||||100.00|W|||||O FALLON|MO|O FALLON|MO|7
9846208488|N|CI|QO6351|3133WRBU4|100000.00|100000.00|100000.00|FRM|5.490|5.490|5.490|5.000|5.000|102026|092041|180|179|1|18|18|19|811||9999||2|N|P|P|1|PU|C|AZ|CITIMORTGAGE, INC.|CITIMORTGAGE, INC.|000|7||N|N|||N||||||||||||||||||||||||||||||||||||||||||||||||||||||||||||||100.00|W|||||O FALLON|MO|O FALLON|MO|7
9846210145|A|CL|RQ0165|3142J6FF5|360000.00|360000.00|360000.00|FRM|5.990|5.990|5.990|5.000|5.000|102026|092056|360|360|0|90|90|39|712||9999||1|Y|P|P|1|PU|R|DE|LOANDEPOT.COM, LLC|LOANDEPOT.COM, LLC|25|N||N|N|||N||||||||||||||||||||||||||||||||||||||||||||||||||||||||||||||100.00|A|||||IRVINE|CA|IRVINE|CA|7
9846212442|A|CL|RQ0167|3142J6FH1|384000.00|384000.00|384000.00|FRM|6.875|6.875|6.875|6.000|6.000|112026|102056|360|361|-1|80|80|45|795||9999||1|N|P|P|1|SF|R|NH|LOANDEPOT.COM, LLC|LOANDEPOT.COM, LLC|000|7||N|N|||N||||||||||||||||||||||||||||||||||||||||||||||||||||||||||||||100.00|A|||||IRVINE|CA|IRVINE|CA|H
9846212444|N|CL|TC7665|3130G7MP1|211000.00|211000.00|211000.00|FRM|6.490|6.490|6.490|6.000|6.000|112026|102056|360|361|-1|75|75|41|712||9999||1|N|P|P|1|PU|B|GA|LOANDEPOT.COM, LLC|LOANDEPOT.COM, LLC|000|7||N|N|||N||||||||||||||||||||||||||||||||||||||||||||||||||||||||||||||100.00|A|||||IRVINE|CA|IRVINE|CA|7
9846212446|A|CL|RQ0167|3142J6FH1|500000.00|500000.00|500000.00|FRM|6.875|6.875|6.875|6.000|6.000|102026|092056|360|360|0|53|53|22|798||9999||1|N|C|P|1|SF|R|ID|LOANDEPOT.COM, LLC|LOANDEPOT.COM, LLC|000|7||N|N|||N||||||||||||||||||||||||||||||||||||||||||||||||||||||||||||||100.00|W|||||IRVINE|CA|IRVINE|CA|7
9846212560|A|CL|RQ0167|3142J6FH1|150000.00|150000.00|150000.00|FRM|6.875|6.875|6.875|6.000|6.000|102026|092046|240|240|0|60|60|32|755||9999||1|N|P|P|1|CP|R|NY|LOANDEPOT.COM, LLC|LOANDEPOT.COM, LLC|000|7||N|N|||N||||||||||||||||||||||||||||||||||||||||||||||||||||||||||||||100.00|A|||||IRVINE|CA|IRVINE|CA|7
9846212614|N|CL|TC7666|3130G7MQ9|272000.00|272000.00|272000.00|FRM|6.490|6.490|6.490|6.000|6.000|112026|102056|360|361|-1|75|75|33|756||9999||1|Y|P|P|1|PU|B|TN|LOANDEPOT.COM, LLC|LOANDEPOT.COM, LLC|000|7||N|N|||N||||||||||||||||||||||||||||||||||||||||||||||||||||||||||||||100.00|A|||||IRVINE|CA|IRVINE|CA|7
9846212649|N|CL|TC7665|3130G7MP1|212000.00|212000.00|212000.00|FRM|6.875|6.875|6.875|6.000|6.000|102026|092056|360|360|0|95|95|22|788||9999||1|Y|P|P|1|PU|B|TX|LOANDEPOT.COM, LLC|LOANDEPOT.COM, LLC|30|N||N|N|||N||||||||||||||||||||||||||||||||||||||||||||||||||||||||||||||100.00|A|||||IRVINE|CA|IRVINE|CA|7
9846212715|N|CL|TC7666|3130G7MQ9|269000.00|269000.00|269000.00|FRM|6.750|6.750|6.750|6.000|6.000|112026|102056|360|361|-1|68|68|31|753||9999||2|N|P|P|1|PU|B|TN|LOANDEPOT.COM, LLC|LOANDEPOT.COM, LLC|000|7||N|N|||N||||||||||||||||||||||||||||||||||||||||||||||||||||||||||||||100.00|A|||||IRVINE|CA|IRVINE|CA|7
9846212730|N|CL|TC7667|3130G7MR7|289000.00|289000.00|289000.00|FRM|6.625|6.625|6.625|6.000|6.000|112026|102056|360|361|-1|59|59|49|616||9999||1|N|C|P|1|SF|R|NH|LOANDEPOT.COM, LLC|LOANDEPOT.COM, LLC|000|7||N|N|||N||||||||||||||||||||||||||||||||||||||||||||||||||||||||||||||100.00|W|||||IRVINE|CA|IRVINE|CA|7
9846212835|N|CL|TC7667|3130G7MR7|280000.00|280000.00|280000.00|FRM|6.990|6.990|6.990|6.000|6.000|112026|102056|360|361|-1|70|70|49|784||9999||2|N|P|P|1|PU|R|FL|LOANDEPOT.COM, LLC|LOANDEPOT.COM, LLC|000|7||N|N|||N||||||||||||||||||||||||||||||||||||||||||||||||||||||||||||||100.00|A|||||IRVINE|CA|IRVINE|CA|7
9846212855|A|CL|RQ0165|3142J6FF5|220000.00|220000.00|220000.00|FRM|5.750|5.750|5.750|5.000|5.000|112026|102056|360|361|-1|80|80|47|765||9999||1|Y|P|P|1|SF|B|GA|LOANDEPOT.COM, LLC|LOANDEPOT.COM, LLC|000|7||N|N|||N||||||||||||||||||||||||||||||||||||||||||||||||||||||||||||||100.00|A|||||IRVINE|CA|IRVINE|CA|7
9846212868|A|CL|RQ0167|3142J6FH1|380000.00|380000.00|380000.00|FRM|6.990|6.990|6.990|6.000|6.000|102026|092056|360|360|0|95|95|31|801||9999||2|N|P|P|1|SF|R|WV|LOANDEPOT.COM, LLC|LOANDEPOT.COM, LLC|30|N||N|N|||N||||||||||||||||||||||||||||||||||||||||||||||||||||||||||||||100.00|A|||||IRVINE|CA|IRVINE|CA|7
9846212869|N|CL|TC7666|3130G7MQ9|257000.00|257000.00|257000.00|FRM|6.875|6.875|6.875|6.000|6.000|112026|102056|360|361|-1|97|97|29|697||9999||1|Y|P|P|1|SF|B|NC|LOANDEPOT.COM, LLC|LOANDEPOT.COM, LLC|35|N||N|N|||N||||||||||||||||||||||||||||||||||||||||||||||||||||||||||||||100.00|A|||||IRVINE|CA|IRVINE|CA|7
9846212884|N|CL|TC7666|3130G7MQ9|264000.00|264000.00|264000.00|FRM|6.750|6.750|6.750|6.000|6.000|112026|102056|360|361|-1|95|95|42|800||9999||2|Y|P|P|1|SF|R|OH|LOANDEPOT.COM, LLC|LOANDEPOT.COM, LLC|30|N||N|N|||N||||||||||||||||||||||||||||||||||||||||||||||||||||||||||||||100.00|A|||||IRVINE|CA|IRVINE|CA|7
9846213100|A|CL|RQ0165|3142J6FF5|244000.00|244000.00|244000.00|FRM|5.625|5.625|5.625|5.000|5.000|112026|102056|360|361|-1|80|80|30|808||9999||1|Y|P|P|1|PU|B|TX|LOANDEPOT.COM, LLC|LOANDEPOT.COM, LLC|000|7||N|N|||N||||||||||||||||||||||||||||||||||||||||||||||||||||||||||||||100.00|A|||||IRVINE|CA|IRVINE|CA|7
9846213101|A|CL|RQ0167|3142J6FH1|608000.00|608000.00|608000.00|FRM|6.750|6.750|6.750|6.000|6.000|112026|102056|360|361|-1|90|90|31|776||9999||2|Y|P|P|1|SF|R|NJ|LOANDEPOT.COM, LLC|LOANDEPOT.COM, LLC|25|N||N|N|||N||||||||||||||||||||||||||||||||||||||||||||||||||||||||||||||100.00|A|||||IRVINE|CA|IRVINE|CA|7
9846213111|A|CL|RQ0165|3142J6FF5|800000.00|799000.00|799000.00|FRM|5.750|5.750|5.750|5.000|5.000|092026|082056|360|359|1|73|73|39|792||9999||1|Y|P|P|1|CP|B|NY|LOANDEPOT.COM, LLC|LOANDEPOT.COM, LLC|000|7||N|N|||N||||||||||||||||||||||||||||||||||||||||||||||||||||||||||||||100.00|A|||||IRVINE|CA|IRVINE|CA|7
9846213132|N|CL|TC7666|3130G7MQ9|264000.00|264000.00|264000.00|FRM|6.750|6.750|6.750|6.000|6.000|112026|102056|360|361|-1|80|80|47|737||9999||3|Y|P|P|1|SF|R|OH|LOANDEPOT.COM, LLC|LOANDEPOT.COM, LLC|000|7||N|N|||N||||||||||||||||||||||||||||||||||||||||||||||||||||||||||||||100.00|A|||||IRVINE|CA|IRVINE|CA|7
9846213183|A|CL|RQ0167|3142J6FH1|415000.00|415000.00|415000.00|FRM|6.750|6.750|6.750|6.000|6.000|102026|092056|360|360|0|97|97|44|750||9999||1|N|P|P|1|PU|R|MD|LOANDEPOT.COM, LLC|LOANDEPOT.COM, LLC|25|N||N|N|||N||||||||||||||||||||||||||||||||||||||||||||||||||||||||||||||100.00|A|||||IRVINE|CA|IRVINE|CA|H
9846213221|A|CL|RQ0165|3142J6FF5|235000.00|234000.00|234000.00|FRM|5.500|5.500|5.500|5.000|5.000|072026|062056|360|357|3|70|70|44|771||9999||1|N|N|P|1|CP|R|NJ|LOANDEPOT.COM, LLC|LOANDEPOT.COM, LLC|000|7||N|N|||N||||||||||||||||||||||||||||||||||||||||||||||||||||||||||||||100.00|A|||||IRVINE|CA|IRVINE|CA|7
9846213297|N|CL|TC7668|3130G7MS5|330000.00|329000.00|329000.00|FRM|6.625|6.625|6.625|6.000|6.000|082026|072056|360|358|2|47|47|41|797||9999||2|Y|P|P|1|SF|R|NJ|LOANDEPOT.COM, LLC|LOANDEPOT.COM, LLC|000|7||N|N|||N||||||||||||||||||||||||||||||||||||||||||||||||||||||||||||||100.00|W|||||IRVINE|CA|IRVINE|CA|7
